title,coutry,date,time,impact,forecast,previous
New Year's Day,FRA,1/1/2018,12:00:00 AM,Low,,
New Year's Day,JPN,1/1/2018,12:00:00 AM,Low,,
New Year's Day,ITA,1/1/2018,12:00:00 AM,Low,,
New Year's Day,CHN,1/1/2018,12:00:00 AM,Low,,
New Year's Day,CAN,1/1/2018,12:00:00 AM,Low,,
New Year's Day,CHE,1/1/2018,12:00:00 AM,Low,,
New Year's Day,GBR,1/1/2018,12:00:00 AM,Low,,
New Year's Day,NZL,1/1/2018,12:00:00 AM,Low,,
New Year's Day,AUS,1/1/2018,12:00:00 AM,Low,,
New Year's Day,USA,1/1/2018,12:00:00 AM,Low,,
New Year's Day,DEU,1/1/2018,12:00:00 AM,Low,,
New Year's Day,ESP,1/1/2018,12:00:00 AM,Low,,
BoC Schembri Speech,CAN,1/1/2018,6:30:00 PM,High,,
AiG Performance of Mfg Index,AUS,1/1/2018,10:30:00 PM,High,,
Day after New Year's Day,NZL,1/2/2018,12:00:00 AM,Low,,
Caixin Manufacturing PMI,CHN,1/2/2018,1:45:00 AM,High,,
RBA Commodity Index SDR (YoY),AUS,1/2/2018,5:30:00 AM,Medium,,
Markit Manufacturing PMI,ESP,1/2/2018,8:15:00 AM,Medium,,
Markit Manufacturing PMI,ITA,1/2/2018,8:45:00 AM,Medium,,
Markit Manufacturing PMI,FRA,1/2/2018,8:50:00 AM,Medium,,
Markit Manufacturing PMI,DEU,1/2/2018,8:55:00 AM,High,,
Markit Manufacturing PMI,EMU,1/2/2018,9:00:00 AM,High,,
Markit Manufacturing PMI,GBR,1/2/2018,9:30:00 AM,High,,
Markit Manufacturing PMI,CAN,1/2/2018,2:30:00 PM,High,,
GDT Price Index,NZL,1/2/2018,2:30:00 PM,Medium,,
Markit Manufacturing PMI,USA,1/2/2018,2:45:00 PM,High,,
4-Week Bill Auction,USA,1/2/2018,4:30:00 PM,Medium,,
3-Month Bill Auction,USA,1/2/2018,4:30:00 PM,Medium,,
6-Month Bill Auction,USA,1/2/2018,4:30:00 PM,Medium,,
52-Week Bill auction,USA,1/2/2018,6:00:00 PM,Medium,,
Unemployment Change,ESP,1/3/2018,8:00:00 AM,Medium,,
SVME - Purchasing Managers' Index,CHE,1/3/2018,8:30:00 AM,Medium,,
Unemployment Rate s.a.,DEU,1/3/2018,9:00:00 AM,High,,
Unemployment Change,DEU,1/3/2018,9:00:00 AM,High,,
PMI Construction,GBR,1/3/2018,9:30:00 AM,High,,
MBA Mortgage Applications,USA,1/3/2018,12:00:00 PM,Medium,,
Redbook index (YoY),USA,1/3/2018,1:55:00 PM,Medium,,
Redbook index (MoM),USA,1/3/2018,1:55:00 PM,Medium,,
ISM NY index - Business Conditions,USA,1/3/2018,2:45:00 PM,Medium,,
ISM Prices Paid,USA,1/3/2018,3:00:00 PM,?,,
ISM Manufacturing PMI,USA,1/3/2018,3:00:00 PM,?,,
Construction Spending (MoM),USA,1/3/2018,3:00:00 PM,High,,
FOMC Minutes,USA,1/3/2018,7:00:00 PM,?,,
Total Vehicle Sales,USA,1/3/2018,8:30:00 PM,Medium,,
API Weekly Crude Oil Stock,USA,1/3/2018,9:30:00 PM,Medium,,
AiG Performance of Services Index,AUS,1/3/2018,10:30:00 PM,Medium,,
Nikkei Manufacturing PMI,JPN,1/4/2018,12:30:00 AM,Medium,,
Caixin China Services PMI,CHN,1/4/2018,1:45:00 AM,High,,
Nationwide Housing Prices n.s.a (YoY),GBR,1/4/2018,7:00:00 AM,Medium,,
Nationwide Housing Prices s.a (MoM),GBR,1/4/2018,7:00:00 AM,Medium,,
Markit Services PMI,ESP,1/4/2018,8:15:00 AM,High,,
Markit Services PMI,ITA,1/4/2018,8:45:00 AM,Medium,,
Markit Services PMI,FRA,1/4/2018,8:50:00 AM,Medium,,
Markit PMI Composite,FRA,1/4/2018,8:50:00 AM,Medium,,
Markit PMI Composite,DEU,1/4/2018,8:55:00 AM,High,,
Markit Services PMI,DEU,1/4/2018,8:55:00 AM,High,,
Markit Services PMI,EMU,1/4/2018,9:00:00 AM,High,,
Markit PMI Composite,EMU,1/4/2018,9:00:00 AM,High,,
Net Lending to Individuals (MoM),GBR,1/4/2018,9:30:00 AM,Medium,,
Consumer Credit,GBR,1/4/2018,9:30:00 AM,High,,
Mortgage Approvals,GBR,1/4/2018,9:30:00 AM,High,,
Markit Services PMI,GBR,1/4/2018,9:30:00 AM,Medium,,
M4 Money Supply (YoY),GBR,1/4/2018,9:30:00 AM,Medium,,
M4 Money Supply (MoM),GBR,1/4/2018,9:30:00 AM,Medium,,
10-y Bond Auction,FRA,1/4/2018,10:09:00 AM,Medium,,
10-y Obligaciones Auction,ESP,1/4/2018,10:09:00 AM,Medium,,
5-y Bond Auction,ESP,1/4/2018,10:10:00 AM,Medium,,
Challenger Job Cuts (YoY),USA,1/4/2018,12:30:00 PM,Medium,,
ADP Employment Change,USA,1/4/2018,1:15:00 PM,High,,
Industrial Product Price (MoM),CAN,1/4/2018,1:30:00 PM,Medium,,
Raw Material Price Index,CAN,1/4/2018,1:30:00 PM,Medium,,
Initial Jobless Claims,USA,1/4/2018,1:30:00 PM,High,,
Continuing Jobless Claims,USA,1/4/2018,1:30:00 PM,High,,
Markit PMI Composite,USA,1/4/2018,2:45:00 PM,High,,
Markit Services PMI,USA,1/4/2018,2:45:00 PM,High,,
EIA Natural Gas Storage change,USA,1/4/2018,3:30:00 PM,Medium,,
EIA Crude Oil Stocks change,USA,1/4/2018,4:00:00 PM,Medium,,
Fed's Bullard speech,USA,1/4/2018,6:30:00 PM,Medium,,
Monetary Base (YoY),JPN,1/4/2018,11:50:00 PM,Medium,,
BRC Shop Price Index (YoY),GBR,1/5/2018,12:01:00 AM,Medium,,
Markit Services PMI,JPN,1/5/2018,12:30:00 AM,Medium,,
Trade Balance,AUS,1/5/2018,12:30:00 AM,High,,
Exports,AUS,1/5/2018,12:30:00 AM,High,,
Imports,AUS,1/5/2018,12:30:00 AM,High,,
Retail Sales (YoY),DEU,1/5/2018,7:00:00 AM,High,,
Retail Sales (MoM),DEU,1/5/2018,7:00:00 AM,High,,
Consumer Price Index (EU norm) (YoY),FRA,1/5/2018,7:45:00 AM,High,,
Consumer Confidence,FRA,1/5/2018,7:45:00 AM,Medium,,
Public Deficit/GDP,ITA,1/5/2018,9:00:00 AM,Medium,,
Consumer Price Index - Core (YoY),EMU,1/5/2018,10:00:00 AM,?,,
Consumer Price Index (YoY),EMU,1/5/2018,10:00:00 AM,?,,
Consumer Price Index (YoY),ITA,1/5/2018,10:00:00 AM,Medium,,
Consumer Price Index (EU Norm) (MoM),ITA,1/5/2018,10:00:00 AM,Medium,,
Consumer Price Index (MoM),ITA,1/5/2018,10:00:00 AM,Medium,,
Consumer Price Index (EU Norm) (YoY),ITA,1/5/2018,10:00:00 AM,Medium,,
Producer Price Index (MoM),EMU,1/5/2018,10:00:00 AM,Medium,,
Producer Price Index (YoY),EMU,1/5/2018,10:00:00 AM,High,,
FOMC Member Harker Speech,USA,1/5/2018,1:00:00 PM,High,,
Average Hourly Earnings (YoY),USA,1/5/2018,1:30:00 PM,High,,
Nonfarm Payrolls,USA,1/5/2018,1:30:00 PM,?,,
Unemployment Rate,USA,1/5/2018,1:30:00 PM,?,,
Average Hourly Earnings (MoM),USA,1/5/2018,1:30:00 PM,Medium,,
Labor Force Participation Rate,USA,1/5/2018,1:30:00 PM,High,,
Average Weekly Hours,USA,1/5/2018,1:30:00 PM,High,,
Trade Balance,USA,1/5/2018,1:30:00 PM,High,,
Imports,CAN,1/5/2018,1:30:00 PM,Medium,,
Exports,CAN,1/5/2018,1:30:00 PM,Medium,,
International Merchandise Trade,CAN,1/5/2018,1:30:00 PM,High,,
Participation rate,CAN,1/5/2018,1:30:00 PM,High,,
Unemployment Rate,CAN,1/5/2018,1:30:00 PM,?,,
Net Change in Employment,CAN,1/5/2018,1:30:00 PM,?,,
ISM Non-Manufacturing PMI,USA,1/5/2018,3:00:00 PM,High,,
Factory Orders (MoM),USA,1/5/2018,3:00:00 PM,High,,
Ivey Purchasing Managers Index s.a,CAN,1/5/2018,3:00:00 PM,High,,
Ivey Purchasing Managers Index,CAN,1/5/2018,3:00:00 PM,High,,
FOMC Member Harker Speech,USA,1/5/2018,3:15:00 PM,High,,
FOMC Member Mester speech,USA,1/5/2018,5:30:00 PM,High,,
Baker Hughes US Oil Rig Count,USA,1/5/2018,6:00:00 PM,High,,
MPC Member Haldane Speech,GBR,1/5/2018,7:30:00 PM,High,,
CFTC USD NC net positions,USA,1/5/2018,8:30:00 PM,Medium,,
CFTC JPY NC net positions,JPN,1/5/2018,8:30:00 PM,Medium,,
CFTC GBP NC net positions,GBR,1/5/2018,8:30:00 PM,Medium,,
CFTC Gold NC net positions,USA,1/5/2018,8:30:00 PM,Medium,,
CFTC Oil NC net positions,USA,1/5/2018,8:30:00 PM,Medium,,
CFTC AUD NC net positions,AUS,1/5/2018,8:30:00 PM,Medium,,
CFTC EUR NC net positions,EMU,1/5/2018,8:30:00 PM,Medium,,
Epiphany,ITA,1/6/2018,12:00:00 AM,Low,,
Epiphany,ESP,1/6/2018,12:00:00 AM,Low,,
Foreign Exchange Reserves (MoM),CHN,1/7/2018,2:00:00 AM,Medium,,
AiG Performance of Construction Index,AUS,1/7/2018,10:30:00 PM,High,,
Coming-of-Age Day,JPN,1/8/2018,12:00:00 AM,Low,,
Factory Orders s.a. (MoM),DEU,1/8/2018,7:00:00 AM,Medium,,
Factory Orders n.s.a. (YoY),DEU,1/8/2018,7:00:00 AM,Medium,,
Consumer Price Index (YoY),CHE,1/8/2018,8:15:00 AM,High,,
Consumer Price Index (MoM),CHE,1/8/2018,8:15:00 AM,High,,
Halifax House Prices (3m/YoY),GBR,1/8/2018,8:30:00 AM,Medium,,
Halifax House Prices (MoM),GBR,1/8/2018,8:30:00 AM,Medium,,
Sentix Investor Confidence,EMU,1/8/2018,9:30:00 AM,Medium,,
Services Sentiment,EMU,1/8/2018,10:00:00 AM,High,,
Consumer Confidence,EMU,1/8/2018,10:00:00 AM,High,,
Industrial Confidence,EMU,1/8/2018,10:00:00 AM,High,,
Economic Sentiment Indicator,EMU,1/8/2018,10:00:00 AM,High,,
Business Climate,EMU,1/8/2018,10:00:00 AM,High,,
Retail Sales (MoM),EMU,1/8/2018,10:00:00 AM,Medium,,
Retail Sales (YoY),EMU,1/8/2018,10:00:00 AM,Medium,,
Bank of Canada Business Outlook Survey,CAN,1/8/2018,3:30:00 PM,High,,
6-Month Bill Auction,USA,1/8/2018,4:30:00 PM,Medium,,
3-Month Bill Auction,USA,1/8/2018,4:30:00 PM,Medium,,
FOMC Member Bostic speech,USA,1/8/2018,5:40:00 PM,High,,
FOMC Member Williams speech,USA,1/8/2018,6:35:00 PM,High,,
Consumer Credit Change,USA,1/8/2018,8:00:00 PM,High,,
Federal Reserve Bank of Boston President Rosengren Speech,USA,1/8/2018,9:00:00 PM,High,,
Labor Cash Earnings (YoY),JPN,1/9/2018,12:00:00 AM,Medium,,
BRC Like-For-Like Retail Sales (YoY),GBR,1/9/2018,12:01:00 AM,High,,
ANZ Job Advertisements,AUS,1/9/2018,12:30:00 AM,Medium,,
Building Permits (YoY),AUS,1/9/2018,12:30:00 AM,Medium,,
Building Permits (MoM),AUS,1/9/2018,12:30:00 AM,Medium,,
Consumer Confidence Index,JPN,1/9/2018,5:00:00 AM,Medium,,
Unemployment Rate s.a (MoM),CHE,1/9/2018,6:45:00 AM,High,,
Industrial Production n.s.a. w.d.a. (YoY),DEU,1/9/2018,7:00:00 AM,Medium,,
Industrial Production s.a. (MoM),DEU,1/9/2018,7:00:00 AM,Medium,,
Current Account n.s.a.,DEU,1/9/2018,7:00:00 AM,High,,
Imports (MoM),DEU,1/9/2018,7:00:00 AM,High,,
Trade Balance s.a.,DEU,1/9/2018,7:00:00 AM,High,,
Exports (MoM),DEU,1/9/2018,7:00:00 AM,High,,
"Exports, EUR",FRA,1/9/2018,7:45:00 AM,Medium,,
"Imports, EUR",FRA,1/9/2018,7:45:00 AM,Medium,,
Trade Balance EUR,FRA,1/9/2018,7:45:00 AM,Medium,,
Current Account,FRA,1/9/2018,7:45:00 AM,Medium,,
Non-monetary policy's ECB meeting,EMU,1/9/2018,8:00:00 AM,?,,
Foreign Currency Reserves,CHE,1/9/2018,8:00:00 AM,Medium,,
Real Retail Sales (YoY),CHE,1/9/2018,8:15:00 AM,High,,
Unemployment,ITA,1/9/2018,9:00:00 AM,High,,
Unemployment Rate,EMU,1/9/2018,10:00:00 AM,High,,
10-y Bond Auction,GBR,1/9/2018,10:59:00 AM,Medium,,
NFIB Business Optimism Index,USA,1/9/2018,11:00:00 AM,Medium,,
Housing Starts s.a (YoY),CAN,1/9/2018,1:15:00 PM,High,,
Redbook index (MoM),USA,1/9/2018,1:55:00 PM,Medium,,
Redbook index (YoY),USA,1/9/2018,1:55:00 PM,Medium,,
JOLTS Job Openings,USA,1/9/2018,3:00:00 PM,Medium,,
FOMC Member Kashkari Speech,USA,1/9/2018,3:00:00 PM,High,,
4-Week Bill Auction,USA,1/9/2018,4:30:00 PM,Medium,,
3-Year Note Auction,USA,1/9/2018,6:00:00 PM,Medium,,
API Weekly Crude Oil Stock,USA,1/9/2018,9:30:00 PM,Medium,,
Consumer Price Index (MoM),CHN,1/10/2018,1:30:00 AM,High,,
Producer Price Index (YoY),CHN,1/10/2018,1:30:00 AM,High,,
Consumer Price Index (YoY),CHN,1/10/2018,1:30:00 AM,High,,
Industrial Output (MoM),FRA,1/10/2018,7:45:00 AM,Medium,,
Manufacturing Production (MoM),GBR,1/10/2018,9:30:00 AM,High,,
Industrial Production (YoY),GBR,1/10/2018,9:30:00 AM,High,,
Industrial Production (MoM),GBR,1/10/2018,9:30:00 AM,High,,
Manufacturing Production (YoY),GBR,1/10/2018,9:30:00 AM,High,,
Total Trade Balance,GBR,1/10/2018,9:30:00 AM,Medium,,
Goods Trade Balance,GBR,1/10/2018,9:30:00 AM,Medium,,
Trade Balance; non-EU,GBR,1/10/2018,9:30:00 AM,Medium,,
10-y Bond Auction,DEU,1/10/2018,11:17:00 AM,High,,
MBA Mortgage Applications,USA,1/10/2018,12:00:00 PM,Medium,,
NIESR GDP Estimate (3M),GBR,1/10/2018,1:00:00 PM,High,,
Building Permits (MoM),CAN,1/10/2018,1:30:00 PM,Medium,,
Export Price Index (MoM),USA,1/10/2018,1:30:00 PM,Medium,,
Import Price Index (YoY),USA,1/10/2018,1:30:00 PM,Medium,,
Export Price Index (YoY),USA,1/10/2018,1:30:00 PM,Medium,,
Import Price Index (MoM),USA,1/10/2018,1:30:00 PM,Medium,,
Fed's Evans Speech,USA,1/10/2018,2:00:00 PM,Medium,,
Wholesale Inventories,USA,1/10/2018,3:00:00 PM,Medium,,
EIA Crude Oil Stocks change,USA,1/10/2018,3:30:00 PM,Medium,,
10-Year Note Auction,USA,1/10/2018,6:20:00 PM,High,,
Fed's Bullard speech,USA,1/10/2018,6:30:00 PM,High,,
JP Foreign Reserves,JPN,1/10/2018,11:50:00 PM,Medium,,
Retail Sales s.a. (MoM),AUS,1/11/2018,12:30:00 AM,High,,
Leading Economic Index,JPN,1/11/2018,5:00:00 AM,High,,
Coincident Index,JPN,1/11/2018,5:00:00 AM,High,,
Industrial Output Cal Adjusted (YoY),ESP,1/11/2018,8:00:00 AM,Medium,,
Retail Sales n.s.a (YoY),ITA,1/11/2018,9:00:00 AM,Medium,,
Retail Sales s.a. (MoM),ITA,1/11/2018,9:00:00 AM,Medium,,
BOE Credit Conditions Survey,GBR,1/11/2018,9:30:00 AM,High,,
Industrial Production w.d.a. (YoY),EMU,1/11/2018,10:00:00 AM,High,,
Industrial Production s.a. (MoM),EMU,1/11/2018,10:00:00 AM,High,,
ECB Monetary Policy Meeting Accounts,EMU,1/11/2018,12:30:00 PM,?,,
Producer Price Index (YoY),USA,1/11/2018,1:30:00 PM,Medium,,
Producer Price Index ex Food & Energy (MoM),USA,1/11/2018,1:30:00 PM,Medium,,
Producer Price Index (MoM),USA,1/11/2018,1:30:00 PM,Medium,,
Producer Price Index ex Food & Energy (YoY),USA,1/11/2018,1:30:00 PM,Medium,,
Continuing Jobless Claims,USA,1/11/2018,1:30:00 PM,High,,
Initial Jobless Claims,USA,1/11/2018,1:30:00 PM,High,,
New Housing Price Index (MoM),CAN,1/11/2018,1:30:00 PM,Medium,,
New Housing Price Index (YoY),CAN,1/11/2018,1:30:00 PM,Medium,,
EIA Natural Gas Storage change,USA,1/11/2018,3:30:00 PM,Medium,,
30-Year Bond Auction,USA,1/11/2018,6:00:00 PM,Medium,,
Monthly Budget Statement,USA,1/11/2018,7:00:00 PM,High,,
Fed's William Dudley speech,USA,1/11/2018,8:30:00 PM,High,,
Building Permits s.a. (MoM),NZL,1/11/2018,9:45:00 PM,High,,
Bank lending (YoY),JPN,1/11/2018,11:50:00 PM,Medium,,
Foreign bond investment,JPN,1/11/2018,11:50:00 PM,High,,
Foreign investment in Japan stocks,JPN,1/11/2018,11:50:00 PM,High,,
Trade Balance - BOP Basis,JPN,1/11/2018,11:50:00 PM,Medium,,
Current Account n.s.a.,JPN,1/11/2018,11:50:00 PM,Medium,,
Imports (YoY) CNY,CHN,1/12/2018,2:00:00 AM,High,,
Exports (YoY) CNY,CHN,1/12/2018,2:00:00 AM,High,,
Exports (YoY),CHN,1/12/2018,2:00:00 AM,High,,
Trade Balance CNY,CHN,1/12/2018,2:00:00 AM,High,,
Imports (YoY),CHN,1/12/2018,2:00:00 AM,High,,
Trade Balance USD,CHN,1/12/2018,3:28:00 AM,High,,
Eco Watchers Survey: Outlook,JPN,1/12/2018,5:00:00 AM,High,,
Eco Watchers Survey: Current,JPN,1/12/2018,5:00:00 AM,High,,
Consumer Price Index (EU norm) (YoY),FRA,1/12/2018,7:45:00 AM,High,,
Consumer Price Index (EU norm) (MoM),FRA,1/12/2018,7:45:00 AM,Medium,,
Inflation ex-tobacco (MoM),FRA,1/12/2018,7:45:00 AM,Medium,,
HICP (YoY),ESP,1/12/2018,8:00:00 AM,Medium,,
HICP (MoM),ESP,1/12/2018,8:00:00 AM,Medium,,
Consumer Price Index (MoM),ESP,1/12/2018,8:00:00 AM,Medium,,
Consumer Price Index (YoY),ESP,1/12/2018,8:00:00 AM,Medium,,
Industrial Output w.d.a (YoY),ITA,1/12/2018,9:00:00 AM,Medium,,
Industrial Output s.a. (MoM),ITA,1/12/2018,9:00:00 AM,Medium,,
Retail Sales ex Autos (MoM),USA,1/12/2018,1:30:00 PM,?,,
Retail Sales control group,USA,1/12/2018,1:30:00 PM,High,,
Retail Sales (MoM),USA,1/12/2018,1:30:00 PM,High,,
Consumer Price Index Ex Food & Energy (MoM),USA,1/12/2018,1:30:00 PM,High,,
Consumer Price Index n.s.a (MoM),USA,1/12/2018,1:30:00 PM,Medium,,
Consumer Price Index (MoM),USA,1/12/2018,1:30:00 PM,High,,
Consumer Price Index Core s.a,USA,1/12/2018,1:30:00 PM,Medium,,
Consumer Price Index Ex Food & Energy (YoY),USA,1/12/2018,1:30:00 PM,?,,
Consumer Price Index (YoY),USA,1/12/2018,1:30:00 PM,?,,
Business Inventories,USA,1/12/2018,3:00:00 PM,Medium,,
IBD/TIPP Economic Optimism (MoM),USA,1/12/2018,3:43:00 PM,Medium,,
German Buba President Weidmann speech,DEU,1/12/2018,4:30:00 PM,High,,
Baker Hughes US Oil Rig Count,USA,1/12/2018,6:00:00 PM,High,,
CFTC AUD NC net positions,AUS,1/12/2018,7:30:00 PM,Medium,,
CFTC EUR NC net positions,EMU,1/12/2018,7:30:00 PM,Medium,,
CFTC GBP NC net positions,GBR,1/12/2018,7:30:00 PM,Medium,,
CFTC Gold NC net positions,USA,1/12/2018,7:30:00 PM,Medium,,
CFTC Oil NC net positions,USA,1/12/2018,7:30:00 PM,Medium,,
CFTC USD NC net positions,USA,1/12/2018,7:30:00 PM,Medium,,
CFTC JPY NC net positions,JPN,1/12/2018,7:30:00 PM,Medium,,
Federal Reserve Bank of Boston President Rosengren Speech,USA,1/12/2018,9:15:00 PM,High,,
Food Price Index (MoM),NZL,1/14/2018,9:45:00 PM,Medium,,
Money Supply M2+CD (YoY),JPN,1/14/2018,11:50:00 PM,Medium,,
Martin L. King's Birthday,USA,1/15/2018,12:00:00 AM,Low,,
Rightmove House Price Index (YoY),GBR,1/15/2018,12:01:00 AM,Medium,,
Rightmove House Price Index (MoM),GBR,1/15/2018,12:01:00 AM,Medium,,
TD Securities Inflation (MoM),AUS,1/15/2018,12:33:00 AM,Medium,,
TD Securities Inflation (YoY),AUS,1/15/2018,12:33:00 AM,Medium,,
M2 Money Supply (YoY),CHN,1/15/2018,2:00:00 AM,Medium,,
New Loans,CHN,1/15/2018,2:00:00 AM,Medium,,
Machine Tool Orders (YoY),JPN,1/15/2018,6:00:00 AM,Medium,,
Trade Balance n.s.a.,EMU,1/15/2018,10:00:00 AM,High,,
Trade Balance s.a.,EMU,1/15/2018,10:00:00 AM,High,,
MPC Member Tenreyro Speech,GBR,1/15/2018,6:15:00 PM,High,,
NZIER Business Confidence (QoQ),NZL,1/15/2018,9:00:00 PM,High,,
Electronic Card Retail Sales (MoM),NZL,1/15/2018,9:45:00 PM,High,,
Electronic Card Retail Sales (YoY),NZL,1/15/2018,9:45:00 PM,High,,
Domestic Corporate Goods Price Index (YoY),JPN,1/15/2018,11:50:00 PM,Medium,,
Domestic Corporate Goods Price Index (MoM),JPN,1/15/2018,11:50:00 PM,Medium,,
New Motor Vehicle Sales (YoY),AUS,1/16/2018,12:30:00 AM,Medium,,
New Motor Vehicle Sales (MoM),AUS,1/16/2018,12:30:00 AM,Medium,,
Tertiary Industry Index (MoM),JPN,1/16/2018,4:30:00 AM,High,,
Wholesale Price Index (MoM),DEU,1/16/2018,7:00:00 AM,High,,
Wholesale Price Index (YoY),DEU,1/16/2018,7:00:00 AM,High,,
Consumer Price Index (YoY),DEU,1/16/2018,7:00:00 AM,Medium,,
Harmonized Index of Consumer Prices (MoM),DEU,1/16/2018,7:00:00 AM,Medium,,
Consumer Price Index (MoM),DEU,1/16/2018,7:00:00 AM,Medium,,
Harmonized Index of Consumer Prices (YoY),DEU,1/16/2018,7:00:00 AM,?,,
Budget,FRA,1/16/2018,8:00:00 AM,Medium,,
Retail Price Index (MoM),GBR,1/16/2018,9:30:00 AM,Medium,,
Retail Price Index (YoY),GBR,1/16/2018,9:30:00 AM,Medium,,
DCLG House Price Index (YoY),GBR,1/16/2018,9:30:00 AM,Medium,,
Producer Price Index - Output (MoM) n.s.a,GBR,1/16/2018,9:30:00 AM,High,,
Producer Price Index - Output (YoY) n.s.a,GBR,1/16/2018,9:30:00 AM,High,,
PPI Core Output (MoM) n.s.a,GBR,1/16/2018,9:30:00 AM,High,,
PPI Core Output (YoY) n.s.a,GBR,1/16/2018,9:30:00 AM,High,,
Producer Price Index - Input (YoY) n.s.a,GBR,1/16/2018,9:30:00 AM,High,,
Producer Price Index - Input (MoM) n.s.a,GBR,1/16/2018,9:30:00 AM,High,,
Consumer Price Index (YoY),GBR,1/16/2018,9:30:00 AM,?,,
Core Consumer Price Index (YoY),GBR,1/16/2018,9:30:00 AM,High,,
Consumer Price Index (MoM),GBR,1/16/2018,9:30:00 AM,High,,
Global Trade Balance,ITA,1/16/2018,10:00:00 AM,Medium,,
Trade Balance EU,ITA,1/16/2018,10:00:00 AM,Medium,,
Consumer Price Index (YoY),ITA,1/16/2018,10:00:00 AM,Medium,,
Consumer Price Index (EU Norm) (MoM),ITA,1/16/2018,10:00:00 AM,Medium,,
Consumer Price Index (MoM),ITA,1/16/2018,10:00:00 AM,Medium,,
Consumer Price Index (EU Norm) (YoY),ITA,1/16/2018,10:00:00 AM,Medium,,
6-Month Letras Auction,ESP,1/16/2018,10:40:00 AM,Medium,,
12-Month Letras Auction,ESP,1/16/2018,10:40:00 AM,Medium,,
NY Empire State Manufacturing Index,USA,1/16/2018,1:30:00 PM,Medium,,
GDT Price Index,NZL,1/16/2018,2:41:00 PM,Medium,,
4-Week Bill Auction,USA,1/16/2018,4:30:00 PM,Medium,,
3-Month Bill Auction,USA,1/16/2018,4:30:00 PM,Medium,,
6-Month Bill Auction,USA,1/16/2018,4:30:00 PM,Medium,,
SNB Chairman Jordan Speech,CHE,1/16/2018,5:00:00 PM,High,,
Westpac Consumer Confidence,AUS,1/16/2018,11:30:00 PM,High,,
Machinery Orders (YoY),JPN,1/16/2018,11:50:00 PM,High,,
Machinery Orders (MoM),JPN,1/16/2018,11:50:00 PM,High,,
ANZ Commodity Price,NZL,1/17/2018,12:00:00 AM,Medium,,
Home Loans,AUS,1/17/2018,12:30:00 AM,High,,
Investment Lending for Homes,AUS,1/17/2018,12:30:00 AM,High,,
FDI - Foreign Direct Investment (YTD) (YoY),CHN,1/17/2018,2:00:00 AM,High,,
Consumer Price Index (YoY),EMU,1/17/2018,10:00:00 AM,?,,
Consumer Price Index (MoM),EMU,1/17/2018,10:00:00 AM,High,,
Consumer Price Index - Core (MoM),EMU,1/17/2018,10:00:00 AM,High,,
Consumer Price Index - Core (YoY),EMU,1/17/2018,10:00:00 AM,?,,
30-y Bond Auction,DEU,1/17/2018,10:30:00 AM,Medium,,
MPC Member Saunders Speech,GBR,1/17/2018,11:45:00 AM,High,,
MBA Mortgage Applications,USA,1/17/2018,12:00:00 PM,Medium,,
Redbook index (YoY),USA,1/17/2018,1:55:00 PM,Medium,,
Redbook index (MoM),USA,1/17/2018,1:55:00 PM,Medium,,
Industrial Production (MoM),USA,1/17/2018,2:15:00 PM,High,,
Capacity Utilization,USA,1/17/2018,2:15:00 PM,High,,
Bank of Canada Monetary Policy Report,CAN,1/17/2018,3:00:00 PM,?,,
BoC Rate Statement,CAN,1/17/2018,3:00:00 PM,?,,
BoC Interest Rate Decision,CAN,1/17/2018,3:00:00 PM,?,,
NAHB Housing Market Index,USA,1/17/2018,3:00:00 PM,High,,
BoC Press Conference,CAN,1/17/2018,4:15:00 PM,?,,
Fed's Beige Book,USA,1/17/2018,7:00:00 PM,High,,
Fed's Evans Speech,USA,1/17/2018,8:00:00 PM,Medium,,
FOMC Member Kaplan Speech,USA,1/17/2018,8:15:00 PM,High,,
Total Net TIC Flows,USA,1/17/2018,9:00:00 PM,Medium,,
Net Long-Term TIC Flows,USA,1/17/2018,9:00:00 PM,Medium,,
FOMC Member Mester speech,USA,1/17/2018,9:30:00 PM,High,,
API Weekly Crude Oil Stock,USA,1/17/2018,9:30:00 PM,Medium,,
Foreign investment in Japan stocks,JPN,1/17/2018,11:50:00 PM,High,,
Foreign bond investment,JPN,1/17/2018,11:50:00 PM,High,,
Consumer Inflation Expectation,AUS,1/18/2018,12:00:00 AM,High,,
RICS Housing Price Balance,GBR,1/18/2018,12:01:00 AM,High,,
HIA New Home Sales (MoM),AUS,1/18/2018,12:15:00 AM,High,,
Part-time employment,AUS,1/18/2018,12:30:00 AM,Medium,,
Fulltime employment,AUS,1/18/2018,12:30:00 AM,Medium,,
Employment Change s.a.,AUS,1/18/2018,12:30:00 AM,?,,
Unemployment Rate s.a.,AUS,1/18/2018,12:30:00 AM,?,,
Participation Rate,AUS,1/18/2018,12:30:00 AM,High,,
House Price Index,CHN,1/18/2018,1:30:00 AM,Medium,,
Industrial Production (YoY),JPN,1/18/2018,4:30:00 AM,Medium,,
Industrial Production (MoM),JPN,1/18/2018,4:30:00 AM,Medium,,
Capacity Utilization,JPN,1/18/2018,4:30:00 AM,Medium,,
Retail Sales (YoY),CHN,1/18/2018,7:00:00 AM,High,,
Industrial Production (YoY),CHN,1/18/2018,7:00:00 AM,High,,
NBS Press Conference,CHN,1/18/2018,7:00:00 AM,High,,
Fixed Asset Investment (YTD) (YoY),CHN,1/18/2018,7:00:00 AM,Medium,,
Gross Domestic Product (YoY),CHN,1/18/2018,7:00:00 AM,?,,
Gross Domestic Product (QoQ),CHN,1/18/2018,7:00:00 AM,?,,
German Buba President Weidmann speech,DEU,1/18/2018,8:00:00 AM,High,,
5-y Bond Auction,ESP,1/18/2018,10:01:00 AM,Medium,,
30-y Bond Auction,ESP,1/18/2018,10:01:00 AM,High,,
Building Permits (MoM),USA,1/18/2018,1:30:00 PM,High,,
Housing Starts (MoM),USA,1/18/2018,1:30:00 PM,High,,
Building Permits Change,USA,1/18/2018,1:30:00 PM,High,,
Housing Starts Change,USA,1/18/2018,1:30:00 PM,High,,
Initial Jobless Claims,USA,1/18/2018,1:30:00 PM,High,,
Continuing Jobless Claims,USA,1/18/2018,1:30:00 PM,High,,
ADP Employment Change,CAN,1/18/2018,1:30:00 PM,Medium,,
Philadelphia Fed Manufacturing Survey,USA,1/18/2018,1:30:00 PM,High,,
ECB CÅ“urÃ© Speech,EMU,1/18/2018,2:30:00 PM,High,,
EIA Natural Gas Storage change,USA,1/18/2018,3:30:00 PM,Medium,,
EIA Crude Oil Stocks change,USA,1/18/2018,4:00:00 PM,Medium,,
10-Year Note Auction,USA,1/18/2018,6:21:00 PM,Medium,,
Business NZ PMI,NZL,1/18/2018,9:30:00 PM,High,,
Producer Price Index (MoM),DEU,1/19/2018,7:00:00 AM,High,,
Producer Price Index (YoY),DEU,1/19/2018,7:00:00 AM,High,,
Producer and Import Prices (MoM),CHE,1/19/2018,8:15:00 AM,Medium,,
Producer and Import Prices (YoY),CHE,1/19/2018,8:15:00 AM,Medium,,
Current Account n.s.a,EMU,1/19/2018,9:00:00 AM,Medium,,
Current Account s.a,EMU,1/19/2018,9:00:00 AM,Medium,,
Retail Sales ex-Fuel (MoM),GBR,1/19/2018,9:30:00 AM,High,,
Retail Sales (MoM),GBR,1/19/2018,9:30:00 AM,High,,
Retail Sales (YoY),GBR,1/19/2018,9:30:00 AM,High,,
Retail Sales ex-Fuel (YoY),GBR,1/19/2018,9:30:00 AM,High,,
Manufacturing Shipments (MoM),CAN,1/19/2018,1:30:00 PM,Medium,,
Canadian portfolio investment in foreign securities,CAN,1/19/2018,1:30:00 PM,Medium,,
Foreign portfolio investment in Canadian securities,CAN,1/19/2018,1:30:00 PM,Medium,,
Michigan Consumer Sentiment Index,USA,1/19/2018,3:00:00 PM,Medium,,
Fed's Quarles speech,USA,1/19/2018,5:15:00 PM,High,,
Baker Hughes US Oil Rig Count,USA,1/19/2018,6:00:00 PM,High,,
CFTC AUD NC net positions,AUS,1/19/2018,8:30:00 PM,Medium,,
CFTC EUR NC net positions,EMU,1/19/2018,8:30:00 PM,Medium,,
CFTC USD NC net positions,USA,1/19/2018,8:30:00 PM,Medium,,
CFTC JPY NC net positions,JPN,1/19/2018,8:30:00 PM,Medium,,
CFTC Gold NC net positions,USA,1/19/2018,8:30:00 PM,Medium,,
CFTC GBP NC net positions,GBR,1/19/2018,8:30:00 PM,Medium,,
CFTC Oil NC net positions,USA,1/19/2018,8:30:00 PM,Medium,,
Eurogroup meeting,EMU,1/22/2018,12:00:00 AM,High,,
Eurogroup meeting,EMU,1/22/2018,12:00:00 AM,High,,
German Buba Monthly Report,DEU,1/22/2018,11:00:00 AM,Medium,,
Chicago Fed National Activity Index,USA,1/22/2018,1:30:00 PM,High,,
Wholesale Sales (MoM),CAN,1/22/2018,1:30:00 PM,Medium,,
3-Month Bill Auction,USA,1/22/2018,4:30:00 PM,Medium,,
6-Month Bill Auction,USA,1/22/2018,4:30:00 PM,Medium,,
EcoFin Meeting,EMU,1/23/2018,12:00:00 AM,High,,
World Economic Forum - Davos,CHE,1/23/2018,12:00:00 AM,High,,
BoJ Interest Rate Decision,JPN,1/23/2018,3:14:00 AM,?,,
BoJ Monetary Policy Statement,JPN,1/23/2018,3:14:00 AM,?,,
BoJ outlook report,JPN,1/23/2018,3:14:00 AM,High,,
All Industry Activity Index (MoM),JPN,1/23/2018,4:30:00 AM,High,,
BoJ Press Conference,JPN,1/23/2018,6:30:00 AM,?,,
Public Sector Net Borrowing,GBR,1/23/2018,9:30:00 AM,High,,
ZEW Survey - Economic Sentiment,EMU,1/23/2018,10:00:00 AM,Medium,,
ZEW Survey - Current Situation,DEU,1/23/2018,10:00:00 AM,High,,
ZEW Survey - Economic Sentiment,DEU,1/23/2018,10:00:00 AM,High,,
3-Month Letras Auction,ESP,1/23/2018,10:00:00 AM,Medium,,
9-Month Letras Auction,ESP,1/23/2018,10:21:00 AM,Medium,,
CBI Industrial Trends Survey - Orders (MoM),GBR,1/23/2018,11:00:00 AM,Medium,,
Redbook index (YoY),USA,1/23/2018,1:55:00 PM,Medium,,
Redbook index (MoM),USA,1/23/2018,1:55:00 PM,Medium,,
Consumer Confidence,EMU,1/23/2018,3:00:00 PM,High,,
Richmond Fed Manufacturing Index,USA,1/23/2018,3:00:00 PM,Medium,,
4-Week Bill Auction,USA,1/23/2018,4:30:00 PM,Medium,,
2-Year Note Auction,USA,1/23/2018,6:00:00 PM,Medium,,
API Weekly Crude Oil Stock,USA,1/23/2018,9:30:00 PM,Medium,,
Westpac Leading Index (MoM),AUS,1/23/2018,11:30:00 PM,Medium,,
Fed's Evans Speech,USA,1/23/2018,11:30:00 PM,Medium,,
Adjusted Merchandise Trade Balance,JPN,1/23/2018,11:50:00 PM,High,,
Exports (YoY),JPN,1/23/2018,11:50:00 PM,High,,
Merchandise Trade Balance Total,JPN,1/23/2018,11:50:00 PM,High,,
Imports (YoY),JPN,1/23/2018,11:50:00 PM,High,,
World Economic Forum - Davos,CHE,1/24/2018,12:00:00 AM,High,,
Nikkei Manufacturing PMI,JPN,1/24/2018,12:30:00 AM,Medium,,
Credit Card Spending (YoY),NZL,1/24/2018,2:00:00 AM,Medium,,
Leading Economic Index,JPN,1/24/2018,5:00:00 AM,High,,
Coincident Index,JPN,1/24/2018,5:00:00 AM,High,,
Markit Manufacturing PMI,FRA,1/24/2018,8:00:00 AM,Medium,,
Markit PMI Composite,FRA,1/24/2018,8:00:00 AM,Medium,,
Markit Services PMI,FRA,1/24/2018,8:00:00 AM,Medium,,
Markit Services PMI,DEU,1/24/2018,8:30:00 AM,High,,
Markit Manufacturing PMI,DEU,1/24/2018,8:30:00 AM,High,,
Markit PMI Composite,DEU,1/24/2018,8:30:00 AM,High,,
Markit Services PMI,EMU,1/24/2018,9:00:00 AM,High,,
Markit Manufacturing PMI,EMU,1/24/2018,9:00:00 AM,High,,
Markit PMI Composite,EMU,1/24/2018,9:00:00 AM,High,,
Claimant Count Rate,GBR,1/24/2018,9:30:00 AM,High,,
Average Earnings including Bonus (3Mo/Yr),GBR,1/24/2018,9:30:00 AM,High,,
Average Earnings excluding Bonus (3Mo/Yr),GBR,1/24/2018,9:30:00 AM,High,,
ILO Unemployment Rate (3M),GBR,1/24/2018,9:30:00 AM,High,,
Claimant Count Change,GBR,1/24/2018,9:30:00 AM,High,,
MBA Mortgage Applications,USA,1/24/2018,12:00:00 PM,Medium,,
Housing Price Index (MoM),USA,1/24/2018,2:00:00 PM,High,,
Markit Manufacturing PMI,USA,1/24/2018,2:45:00 PM,High,,
Markit Services PMI,USA,1/24/2018,2:45:00 PM,High,,
Markit PMI Composite,USA,1/24/2018,2:45:00 PM,High,,
Existing Home Sales (MoM),USA,1/24/2018,3:00:00 PM,Medium,,
Existing Home Sales Change (MoM),USA,1/24/2018,3:00:00 PM,Medium,,
EIA Crude Oil Stocks change,USA,1/24/2018,3:30:00 PM,Medium,,
5-Year Note Auction,USA,1/24/2018,6:00:00 PM,Medium,,
Consumer Price Index (QoQ),NZL,1/24/2018,9:45:00 PM,?,,
Consumer Price Index (YoY),NZL,1/24/2018,9:45:00 PM,High,,
Foreign bond investment,JPN,1/24/2018,11:50:00 PM,High,,
Foreign investment in Japan stocks,JPN,1/24/2018,11:50:00 PM,High,,
EcoFin Meeting,EMU,1/25/2018,12:00:00 AM,High,,
World Economic Forum - Davos,CHE,1/25/2018,12:00:00 AM,High,,
ANZ Activity Outlook,NZL,1/25/2018,12:00:00 AM,Medium,,
Gfk Consumer Confidence Survey,DEU,1/25/2018,7:00:00 AM,High,,
Unemployment Survey,ESP,1/25/2018,8:00:00 AM,Medium,,
Trade Balance non-EU,ITA,1/25/2018,9:00:00 AM,Medium,,
IFO - Current Assessment,DEU,1/25/2018,9:00:00 AM,High,,
IFO - Business Climate,DEU,1/25/2018,9:00:00 AM,High,,
IFO - Expectations,DEU,1/25/2018,9:00:00 AM,High,,
Industrial Sales s.a. (MoM),ITA,1/25/2018,9:00:00 AM,Medium,,
Industrial Sales n.s.a. (YoY),ITA,1/25/2018,9:00:00 AM,Medium,,
Industrial Orders s.a (MoM),ITA,1/25/2018,9:00:00 AM,Medium,,
Industrial Orders n.s.a (YoY),ITA,1/25/2018,9:00:00 AM,Medium,,
BBA Mortgage Approvals,GBR,1/25/2018,9:30:00 AM,Medium,,
CBI Distributive Trades Survey - Realized (MoM),GBR,1/25/2018,11:00:00 AM,Medium,,
ECB Interest Rate Decision,EMU,1/25/2018,12:45:00 PM,?,,
ECB Deposit Rate Decision,EMU,1/25/2018,12:45:00 PM,?,,
Continuing Jobless Claims,USA,1/25/2018,1:30:00 PM,High,,
Initial Jobless Claims,USA,1/25/2018,1:30:00 PM,High,,
ECB Monetary policy statement and press conference,EMU,1/25/2018,1:30:00 PM,?,,
Retail Sales ex Autos (MoM),CAN,1/25/2018,1:30:00 PM,High,,
Retail Sales (MoM),CAN,1/25/2018,1:30:00 PM,?,,
New Home Sales (MoM),USA,1/25/2018,3:00:00 PM,High,,
New Home Sales Change (MoM),USA,1/25/2018,3:00:00 PM,High,,
EIA Natural Gas Storage change,USA,1/25/2018,3:30:00 PM,Medium,,
Kansas Fed manufacturing activity,USA,1/25/2018,4:00:00 PM,Medium,,
7-Year Note Auction,USA,1/25/2018,6:00:00 PM,Medium,,
Tokyo CPI ex Fresh Food (YoY),JPN,1/25/2018,11:30:00 PM,Medium,,
Tokyo Consumer Price Index (YoY),JPN,1/25/2018,11:30:00 PM,Medium,,
"Tokyo CPI ex Food, Energy (YoY)",JPN,1/25/2018,11:30:00 PM,Medium,,
National CPI Ex-Fresh Food (YoY),JPN,1/25/2018,11:30:00 PM,High,,
National Consumer Price Index (YoY),JPN,1/25/2018,11:30:00 PM,High,,
"National CPI Ex Food, Energy (YoY)",JPN,1/25/2018,11:30:00 PM,High,,
Corporate Service Price (YoY),JPN,1/25/2018,11:50:00 PM,Medium,,
BoJ Monetary Policy Meeting Minutes,JPN,1/25/2018,11:50:00 PM,?,,
Australia Day,AUS,1/26/2018,12:00:00 AM,Low,,
World Economic Forum - Davos,CHE,1/26/2018,12:00:00 AM,High,,
Consumer Confidence,FRA,1/26/2018,7:45:00 AM,Medium,,
Business Climate,FRA,1/26/2018,7:45:00 AM,Medium,,
Private loans (YoY),EMU,1/26/2018,9:00:00 AM,Medium,,
M3 Money Supply (3m),EMU,1/26/2018,9:00:00 AM,Medium,,
M3 Money Supply (YoY),EMU,1/26/2018,9:00:00 AM,Medium,,
Gross Domestic Product (YoY),GBR,1/26/2018,9:30:00 AM,High,,
Gross Domestic Product (QoQ),GBR,1/26/2018,9:30:00 AM,?,,
Index of Services (3M/3M),GBR,1/26/2018,9:30:00 AM,Medium,,
ECB CÅ“urÃ© Speech,EMU,1/26/2018,10:00:00 AM,High,,
Fed's Bullard speech,USA,1/26/2018,1:00:00 PM,High,,
Gross Domestic Product Price Index,USA,1/26/2018,1:30:00 PM,High,,
Gross Domestic Product Annualized,USA,1/26/2018,1:30:00 PM,?,,
Wholesale Inventories,USA,1/26/2018,1:30:00 PM,Medium,,
Goods Trade Balance,USA,1/26/2018,1:30:00 PM,Medium,,
Durable Goods Orders,USA,1/26/2018,1:30:00 PM,High,,
Durable Goods Orders ex Transportation,USA,1/26/2018,1:30:00 PM,High,,
Bank of Canada Consumer Price Index Core (YoY),CAN,1/26/2018,1:30:00 PM,High,,
Bank of Canada Consumer Price Index Core (MoM),CAN,1/26/2018,1:30:00 PM,High,,
Consumer Price Index - Core (MoM),CAN,1/26/2018,1:30:00 PM,High,,
Consumer Price Index (YoY),CAN,1/26/2018,1:30:00 PM,High,,
Consumer Price Index (MoM),CAN,1/26/2018,1:30:00 PM,High,,
BOE's Governor Carney speech,GBR,1/26/2018,2:00:00 PM,?,,
Bank of Japan Governor Kuroda Speech,JPN,1/26/2018,2:00:00 PM,High,,
Baker Hughes US Oil Rig Count,USA,1/26/2018,6:00:00 PM,High,,
CFTC AUD NC net positions,AUS,1/26/2018,8:30:00 PM,Medium,,
CFTC EUR NC net positions,EMU,1/26/2018,8:30:00 PM,Medium,,
CFTC Oil NC net positions,USA,1/26/2018,8:30:00 PM,Medium,,
CFTC Gold NC net positions,USA,1/26/2018,8:30:00 PM,Medium,,
CFTC GBP NC net positions,GBR,1/26/2018,8:30:00 PM,Medium,,
CFTC USD NC net positions,USA,1/26/2018,8:30:00 PM,Medium,,
CFTC JPY NC net positions,JPN,1/26/2018,8:30:00 PM,Medium,,
Import Price Index (MoM),DEU,1/29/2018,7:00:00 AM,Medium,,
Import Price Index (YoY),DEU,1/29/2018,7:00:00 AM,Medium,,
Retail Sales (YoY),ESP,1/29/2018,8:00:00 AM,Medium,,
Producer Price Index (MoM),ITA,1/29/2018,10:00:00 AM,Medium,,
Producer Price Index (YoY),ITA,1/29/2018,10:00:00 AM,Medium,,
ECB's Praet Speech,EMU,1/29/2018,10:00:00 AM,High,,
ECB's LautenschlÃ¤ger Speech,EMU,1/29/2018,10:45:00 AM,High,,
Personal Consumption Expenditures - Price Index (MoM),USA,1/29/2018,1:30:00 PM,High,,
Personal Income (MoM),USA,1/29/2018,1:30:00 PM,High,,
Core Personal Consumption Expenditure - Price Index (MoM),USA,1/29/2018,1:30:00 PM,?,,
Personal Consumption Expenditures - Price Index (YoY),USA,1/29/2018,1:30:00 PM,High,,
Core Personal Consumption Expenditure - Price Index (YoY),USA,1/29/2018,1:30:00 PM,?,,
Personal Spending,USA,1/29/2018,1:30:00 PM,High,,
Dallas Fed Manufacturing Business Index,USA,1/29/2018,3:30:00 PM,High,,
ECB CÅ“urÃ© Speech,EMU,1/29/2018,4:00:00 PM,High,,
3-Month Bill Auction,USA,1/29/2018,4:30:00 PM,Medium,,
6-Month Bill Auction,USA,1/29/2018,4:30:00 PM,Medium,,
Imports,NZL,1/29/2018,9:45:00 PM,High,,
Exports,NZL,1/29/2018,9:45:00 PM,High,,
Trade Balance (YoY),NZL,1/29/2018,9:45:00 PM,High,,
Trade Balance (MoM),NZL,1/29/2018,9:45:00 PM,High,,
Jobs/applicants ratio,JPN,1/29/2018,11:30:00 PM,High,,
Unemployment Rate,JPN,1/29/2018,11:30:00 PM,High,,
Overall Household Spending (YoY),JPN,1/29/2018,11:30:00 PM,High,,
Large Retailers' Sales,JPN,1/29/2018,11:50:00 PM,High,,
Retail Trade s.a (MoM),JPN,1/29/2018,11:50:00 PM,High,,
Retail Trade (YoY),JPN,1/29/2018,11:50:00 PM,High,,
National Australia Bank's Business Confidence,AUS,1/30/2018,12:30:00 AM,Medium,,
National Australia Bank's Business Conditions,AUS,1/30/2018,12:30:00 AM,Medium,,
Gross Domestic Product (QoQ),FRA,1/30/2018,6:30:00 AM,Medium,,
Trade Balance,CHE,1/30/2018,7:00:00 AM,Medium,,
Imports (MoM),CHE,1/30/2018,7:00:00 AM,Medium,,
Exports (MoM),CHE,1/30/2018,7:00:00 AM,Medium,,
Consumer Spending (MoM),FRA,1/30/2018,7:45:00 AM,Medium,,
KOF Leading Indicator,CHE,1/30/2018,8:00:00 AM,High,,
Gross Domestic Product - Estimated (QoQ),ESP,1/30/2018,8:00:00 AM,Medium,,
Gross Domestic Product - Estimated (YoY),ESP,1/30/2018,8:00:00 AM,Medium,,
Consumer Confidence,ITA,1/30/2018,9:00:00 AM,Medium,,
Business Confidence,ITA,1/30/2018,9:00:00 AM,Medium,,
Net Lending to Individuals (MoM),GBR,1/30/2018,9:30:00 AM,Medium,,
Consumer Credit,GBR,1/30/2018,9:30:00 AM,High,,
Mortgage Approvals,GBR,1/30/2018,9:30:00 AM,High,,
M4 Money Supply (YoY),GBR,1/30/2018,9:30:00 AM,Medium,,
M4 Money Supply (MoM),GBR,1/30/2018,9:30:00 AM,Medium,,
Gross Domestic Product s.a. (YoY),EMU,1/30/2018,10:00:00 AM,?,,
Gross Domestic Product s.a. (QoQ),EMU,1/30/2018,10:00:00 AM,?,,
Industrial Confidence,EMU,1/30/2018,10:00:00 AM,High,,
Consumer Confidence,EMU,1/30/2018,10:00:00 AM,High,,
Services Sentiment,EMU,1/30/2018,10:00:00 AM,High,,
Economic Sentiment Indicator,EMU,1/30/2018,10:00:00 AM,High,,
Business Climate,EMU,1/30/2018,10:00:00 AM,High,,
5-y Bond Auction,ITA,1/30/2018,10:46:00 AM,Medium,,
10-y Bond Auction,ITA,1/30/2018,11:00:00 AM,Medium,,
Consumer Price Index (YoY),DEU,1/30/2018,1:00:00 PM,Medium,,
Harmonized Index of Consumer Prices (MoM),DEU,1/30/2018,1:00:00 PM,Medium,,
Consumer Price Index (MoM),DEU,1/30/2018,1:00:00 PM,Medium,,
Harmonized Index of Consumer Prices (YoY),DEU,1/30/2018,1:00:00 PM,?,,
Redbook index (MoM),USA,1/30/2018,1:55:00 PM,Medium,,
Redbook index (YoY),USA,1/30/2018,1:55:00 PM,Medium,,
S&P/Case-Shiller Home Price Indices (YoY),USA,1/30/2018,2:00:00 PM,High,,
BOE's Governor Carney speech,GBR,1/30/2018,3:30:00 PM,?,,
52-Week Bill auction,USA,1/30/2018,4:30:00 PM,Medium,,
ECB's Mersch speech,EMU,1/30/2018,4:30:00 PM,High,,
4-Week Bill Auction,USA,1/30/2018,4:30:00 PM,Medium,,
API Weekly Crude Oil Stock,USA,1/30/2018,9:30:00 PM,Medium,,
BOJ Summary of Opinions,JPN,1/30/2018,11:50:00 PM,Medium,,
Industrial Production (MoM),JPN,1/30/2018,11:50:00 PM,Medium,,
Industrial Production (YoY),JPN,1/30/2018,11:50:00 PM,Medium,,
Gfk Consumer Confidence,GBR,1/31/2018,12:01:00 AM,High,,
BRC Shop Price Index (YoY),GBR,1/31/2018,12:01:00 AM,Medium,,
Private Sector Credit (YoY),AUS,1/31/2018,12:30:00 AM,Medium,,
Private Sector Credit (MoM),AUS,1/31/2018,12:30:00 AM,Medium,,
RBA trimmed mean CPI (QoQ),AUS,1/31/2018,12:30:00 AM,?,,
Consumer Price Index (YoY),AUS,1/31/2018,12:30:00 AM,High,,
Consumer Price Index (QoQ),AUS,1/31/2018,12:30:00 AM,?,,
RBA trimmed mean CPI (YoY),AUS,1/31/2018,12:30:00 AM,High,,
Non-manufacturing PMI,CHN,1/31/2018,1:00:00 AM,High,,
NBS Manufacturing PMI,CHN,1/31/2018,1:00:00 AM,High,,
President Trump Speech,USA,1/31/2018,2:00:00 AM,?,,
Construction Orders (YoY),JPN,1/31/2018,5:00:00 AM,Medium,,
Housing Starts (YoY),JPN,1/31/2018,5:00:00 AM,Medium,,
Annualized Housing Starts,JPN,1/31/2018,5:00:00 AM,Medium,,
Consumer Confidence Index,JPN,1/31/2018,5:00:00 AM,Medium,,
UBS Consumption Indicator,CHE,1/31/2018,7:00:00 AM,High,,
Retail Sales (YoY),DEU,1/31/2018,7:00:00 AM,High,,
Retail Sales (MoM),DEU,1/31/2018,7:00:00 AM,High,,
Producer Prices (MoM),FRA,1/31/2018,7:45:00 AM,Medium,,
Consumer Price Index (EU norm) (YoY),FRA,1/31/2018,7:45:00 AM,High,,
HICP (YoY),ESP,1/31/2018,8:00:00 AM,Medium,,
ZEW Survey - Expectations,CHE,1/31/2018,9:00:00 AM,High,,
Unemployment Change,DEU,1/31/2018,9:00:00 AM,High,,
Unemployment Rate s.a.,DEU,1/31/2018,9:00:00 AM,High,,
Unemployment,ITA,1/31/2018,9:00:00 AM,High,,
Current Account Balance,ESP,1/31/2018,9:00:00 AM,Medium,,
ECB CÅ“urÃ© Speech,EMU,1/31/2018,9:50:00 AM,High,,
Unemployment Rate,EMU,1/31/2018,10:00:00 AM,High,,
Consumer Price Index - Core (YoY),EMU,1/31/2018,10:00:00 AM,?,,
Consumer Price Index (YoY),EMU,1/31/2018,10:00:00 AM,?,,
MBA Mortgage Applications,USA,1/31/2018,12:00:00 PM,Medium,,
ADP Employment Change,USA,1/31/2018,1:15:00 PM,High,,
Industrial Product Price (MoM),CAN,1/31/2018,1:30:00 PM,Medium,,
Raw Material Price Index,CAN,1/31/2018,1:30:00 PM,Medium,,
Employment cost index,USA,1/31/2018,1:30:00 PM,Medium,,
Gross Domestic Product (MoM),CAN,1/31/2018,1:30:00 PM,High,,
Chicago Purchasing Managers' Index,USA,1/31/2018,2:45:00 PM,High,,
Pending Home Sales (YoY),USA,1/31/2018,3:00:00 PM,High,,
Pending Home Sales (MoM),USA,1/31/2018,3:00:00 PM,High,,
EIA Crude Oil Stocks change,USA,1/31/2018,3:30:00 PM,Medium,,
Fed's Monetary Policy Statement,USA,1/31/2018,7:00:00 PM,?,,
Fed Interest Rate Decision,USA,1/31/2018,7:00:00 PM,?,,
AiG Performance of Mfg Index,AUS,1/31/2018,10:30:00 PM,High,,
Foreign investment in Japan stocks,JPN,1/31/2018,11:50:00 PM,High,,
Foreign bond investment,JPN,1/31/2018,11:50:00 PM,High,,
Export Price Index (QoQ),AUS,2/1/2018,12:30:00 AM,Medium,,
Import Price Index (QoQ),AUS,2/1/2018,12:30:00 AM,Medium,,
Building Permits (YoY),AUS,2/1/2018,12:30:00 AM,Medium,,
Building Permits (MoM),AUS,2/1/2018,12:30:00 AM,Medium,,
Nikkei Manufacturing PMI,JPN,2/1/2018,12:30:00 AM,Medium,,
Caixin Manufacturing PMI,CHN,2/1/2018,1:45:00 AM,High,,
RBA Commodity Index SDR (YoY),AUS,2/1/2018,5:30:00 AM,Medium,,
SECO Consumer Climate (3m),CHE,2/1/2018,6:45:00 AM,High,,
Nationwide Housing Prices s.a (MoM),GBR,2/1/2018,7:00:00 AM,Medium,,
Nationwide Housing Prices n.s.a (YoY),GBR,2/1/2018,7:00:00 AM,Medium,,
Markit Manufacturing PMI,ESP,2/1/2018,8:15:00 AM,Medium,,
Real Retail Sales (YoY),CHE,2/1/2018,8:15:00 AM,High,,
SVME - Purchasing Managers' Index,CHE,2/1/2018,8:30:00 AM,Medium,,
Markit Manufacturing PMI,ITA,2/1/2018,8:45:00 AM,Medium,,
Markit Manufacturing PMI,FRA,2/1/2018,8:50:00 AM,Medium,,
Markit Manufacturing PMI,DEU,2/1/2018,8:55:00 AM,High,,
Markit Manufacturing PMI,EMU,2/1/2018,9:00:00 AM,High,,
Markit Manufacturing PMI,GBR,2/1/2018,9:30:00 AM,High,,
10-y Bond Auction,FRA,2/1/2018,10:00:00 AM,Medium,,
3-y Bond Auction,ESP,2/1/2018,10:21:00 AM,Medium,,
Challenger Job Cuts (YoY),USA,2/1/2018,12:30:00 PM,Medium,,
Initial Jobless Claims,USA,2/1/2018,1:30:00 PM,High,,
Continuing Jobless Claims,USA,2/1/2018,1:30:00 PM,High,,
Nonfarm Productivity,USA,2/1/2018,1:30:00 PM,High,,
Unit Labor Costs,USA,2/1/2018,1:30:00 PM,High,,
Markit Manufacturing PMI,CAN,2/1/2018,2:30:00 PM,High,,
Markit Manufacturing PMI,USA,2/1/2018,2:45:00 PM,High,,
ISM Prices Paid,USA,2/1/2018,3:00:00 PM,?,,
ISM Manufacturing PMI,USA,2/1/2018,3:00:00 PM,?,,
Construction Spending (MoM),USA,2/1/2018,3:00:00 PM,High,,
EIA Natural Gas Storage change,USA,2/1/2018,3:30:00 PM,Medium,,
Total Vehicle Sales,USA,2/1/2018,8:30:00 PM,Medium,,
Building Permits s.a. (MoM),NZL,2/1/2018,9:45:00 PM,High,,
Visitor Arrivals (YoY),NZL,2/1/2018,9:45:00 PM,Medium,,
Monetary Base (YoY),JPN,2/1/2018,11:50:00 PM,Medium,,
Producer Price Index (YoY),AUS,2/2/2018,12:30:00 AM,Medium,,
Producer Price Index (QoQ),AUS,2/2/2018,12:30:00 AM,Medium,,
Unemployment Change,ESP,2/2/2018,8:00:00 AM,Medium,,
PMI Construction,GBR,2/2/2018,9:30:00 AM,High,,
Consumer Price Index (EU Norm) (MoM),ITA,2/2/2018,10:00:00 AM,Medium,,
Consumer Price Index (YoY),ITA,2/2/2018,10:00:00 AM,Medium,,
Consumer Price Index (MoM),ITA,2/2/2018,10:00:00 AM,Medium,,
Consumer Price Index (EU Norm) (YoY),ITA,2/2/2018,10:00:00 AM,Medium,,
Producer Price Index (MoM),EMU,2/2/2018,10:00:00 AM,Medium,,
Producer Price Index (YoY),EMU,2/2/2018,10:00:00 AM,High,,
Average Hourly Earnings (YoY),USA,2/2/2018,1:30:00 PM,?,,
Nonfarm Payrolls,USA,2/2/2018,1:30:00 PM,?,,
Average Weekly Hours,USA,2/2/2018,1:30:00 PM,High,,
Unemployment Rate,USA,2/2/2018,1:30:00 PM,?,,
Labor Force Participation Rate,USA,2/2/2018,1:30:00 PM,High,,
Average Hourly Earnings (MoM),USA,2/2/2018,1:30:00 PM,High,,
ISM NY index - Business Conditions,USA,2/2/2018,2:45:00 PM,Medium,,
Michigan Consumer Sentiment Index,USA,2/2/2018,3:00:00 PM,Medium,,
Factory Orders (MoM),USA,2/2/2018,3:00:00 PM,High,,
Baker Hughes US Oil Rig Count,USA,2/2/2018,6:00:00 PM,High,,
FOMC Member Kaplan Speech,USA,2/2/2018,6:30:00 PM,High,,
FOMC Member Williams speech,USA,2/2/2018,8:30:00 PM,High,,
CFTC Gold NC net positions,USA,2/2/2018,8:30:00 PM,Medium,,
CFTC GBP NC net positions,GBR,2/2/2018,8:30:00 PM,Medium,,
CFTC Oil NC net positions,USA,2/2/2018,8:30:00 PM,Medium,,
CFTC USD NC net positions,USA,2/2/2018,8:30:00 PM,Medium,,
CFTC JPY NC net positions,JPN,2/2/2018,8:30:00 PM,Medium,,
CFTC AUD NC net positions,AUS,2/2/2018,8:30:00 PM,Medium,,
CFTC EUR NC net positions,EMU,2/2/2018,8:30:00 PM,Medium,,
AiG Performance of Services Index,AUS,2/4/2018,10:30:00 PM,Medium,,
Waitangi Day,NZL,2/5/2018,12:00:00 AM,Low,,
ANZ Commodity Price,NZL,2/5/2018,12:00:00 AM,Medium,,
TD Securities Inflation (YoY),AUS,2/5/2018,12:00:00 AM,Medium,,
TD Securities Inflation (MoM),AUS,2/5/2018,12:00:00 AM,Medium,,
Markit Services PMI,JPN,2/5/2018,12:30:00 AM,Medium,,
ANZ Job Advertisements,AUS,2/5/2018,12:30:00 AM,Medium,,
Caixin China Services PMI,CHN,2/5/2018,1:45:00 AM,High,,
Bank of Japan Governor Kuroda Speech,JPN,2/5/2018,4:00:00 AM,High,,
Markit Services PMI,ESP,2/5/2018,8:15:00 AM,High,,
Markit Services PMI,ITA,2/5/2018,8:45:00 AM,Medium,,
Markit PMI Composite,FRA,2/5/2018,8:50:00 AM,Medium,,
Markit Services PMI,FRA,2/5/2018,8:50:00 AM,Medium,,
Markit PMI Composite,DEU,2/5/2018,8:55:00 AM,High,,
Markit Services PMI,DEU,2/5/2018,8:55:00 AM,High,,
Markit Services PMI,EMU,2/5/2018,9:00:00 AM,High,,
Markit PMI Composite,EMU,2/5/2018,9:00:00 AM,High,,
Sentix Investor Confidence,EMU,2/5/2018,9:30:00 AM,Medium,,
Markit Services PMI,GBR,2/5/2018,9:30:00 AM,High,,
Retail Sales (MoM),EMU,2/5/2018,10:00:00 AM,Medium,,
Retail Sales (YoY),EMU,2/5/2018,10:00:00 AM,Medium,,
Markit PMI Composite,USA,2/5/2018,2:45:00 PM,High,,
Markit Services PMI,USA,2/5/2018,2:45:00 PM,High,,
ISM Non-Manufacturing PMI,USA,2/5/2018,3:00:00 PM,High,,
ECB President Draghi's Speech,EMU,2/5/2018,4:00:00 PM,?,,
3-Month Bill Auction,USA,2/5/2018,4:30:00 PM,Medium,,
6-Month Bill Auction,USA,2/5/2018,4:30:00 PM,Medium,,
Loan Officer Survey,USA,2/5/2018,5:00:00 PM,Medium,,
BRC Like-For-Like Retail Sales (YoY),GBR,2/6/2018,12:01:00 AM,High,,
Retail Sales s.a. (MoM),AUS,2/6/2018,12:30:00 AM,High,,
Trade Balance,AUS,2/6/2018,12:30:00 AM,High,,
Exports,AUS,2/6/2018,12:30:00 AM,High,,
Imports,AUS,2/6/2018,12:30:00 AM,High,,
RBA Interest Rate Decision,AUS,2/6/2018,3:30:00 AM,?,,
RBA Rate Statement,AUS,2/6/2018,3:30:00 AM,?,,
Factory Orders s.a. (MoM),DEU,2/6/2018,7:00:00 AM,Medium,,
Factory Orders n.s.a. (YoY),DEU,2/6/2018,7:00:00 AM,Medium,,
Individual Investment (Current Year),FRA,2/6/2018,7:45:00 AM,Medium,,
Budget,FRA,2/6/2018,7:45:00 AM,Medium,,
German Buba President Weidmann speech,DEU,2/6/2018,9:00:00 AM,High,,
Trade Balance,USA,2/6/2018,1:30:00 PM,High,,
Exports,CAN,2/6/2018,1:30:00 PM,Medium,,
International Merchandise Trade,CAN,2/6/2018,1:30:00 PM,High,,
Imports,CAN,2/6/2018,1:30:00 PM,Medium,,
Fed's Bullard speech,USA,2/6/2018,1:50:00 PM,High,,
Redbook index (MoM),USA,2/6/2018,1:55:00 PM,Medium,,
Redbook index (YoY),USA,2/6/2018,1:55:00 PM,Medium,,
GDT Price Index,NZL,2/6/2018,2:43:00 PM,Medium,,
JOLTS Job Openings,USA,2/6/2018,3:00:00 PM,Medium,,
Ivey Purchasing Managers Index s.a,CAN,2/6/2018,3:00:00 PM,High,,
Ivey Purchasing Managers Index,CAN,2/6/2018,3:00:00 PM,High,,
IBD/TIPP Economic Optimism (MoM),USA,2/6/2018,3:01:00 PM,Medium,,
4-Week Bill Auction,USA,2/6/2018,4:30:00 PM,Medium,,
3-Year Note Auction,USA,2/6/2018,6:00:00 PM,Medium,,
API Weekly Crude Oil Stock,USA,2/6/2018,9:30:00 PM,Medium,,
Unemployment Rate,NZL,2/6/2018,9:45:00 PM,?,,
Employment Change,NZL,2/6/2018,9:45:00 PM,?,,
Participation Rate,NZL,2/6/2018,9:45:00 PM,High,,
Labour cost index (QoQ),NZL,2/6/2018,9:45:00 PM,High,,
Labour cost index (YoY),NZL,2/6/2018,9:45:00 PM,Medium,,
AiG Performance of Construction Index,AUS,2/6/2018,10:30:00 PM,High,,
JP Foreign Reserves,JPN,2/6/2018,11:50:00 PM,Medium,,
Labor Cash Earnings (YoY),JPN,2/7/2018,12:00:00 AM,Medium,,
Coincident Index,JPN,2/7/2018,5:00:00 AM,Medium,,
Leading Economic Index,JPN,2/7/2018,5:00:00 AM,High,,
Industrial Production n.s.a. w.d.a. (YoY),DEU,2/7/2018,7:00:00 AM,Medium,,
Industrial Production s.a. (MoM),DEU,2/7/2018,7:00:00 AM,Medium,,
Trade Balance EUR,FRA,2/7/2018,7:45:00 AM,Medium,,
"Imports, EUR",FRA,2/7/2018,7:45:00 AM,Medium,,
"Exports, EUR",FRA,2/7/2018,7:45:00 AM,Medium,,
Current Account,FRA,2/7/2018,7:45:00 AM,Medium,,
Non-monetary policy's ECB meeting,EMU,2/7/2018,8:00:00 AM,?,,
Foreign Currency Reserves,CHE,2/7/2018,8:00:00 AM,Medium,,
Halifax House Prices (MoM),GBR,2/7/2018,8:30:00 AM,Medium,,
Halifax House Prices (3m/YoY),GBR,2/7/2018,8:30:00 AM,Medium,,
Retail Sales s.a. (MoM),ITA,2/7/2018,9:00:00 AM,Medium,,
Retail Sales n.s.a (YoY),ITA,2/7/2018,9:00:00 AM,Medium,,
ECB's LautenschlÃ¤ger Speech,EMU,2/7/2018,9:00:00 AM,High,,
Foreign Exchange Reserves (MoM),CHN,2/7/2018,11:12:00 AM,Medium,,
10-y Bond Auction,DEU,2/7/2018,11:14:00 AM,High,,
MBA Mortgage Applications,USA,2/7/2018,12:00:00 PM,Medium,,
Building Permits (MoM),CAN,2/7/2018,1:30:00 PM,Medium,,
Fed's William Dudley speech,USA,2/7/2018,1:30:00 PM,High,,
Fed's Evans Speech,USA,2/7/2018,3:15:00 PM,Medium,,
EIA Crude Oil Stocks change,USA,2/7/2018,3:30:00 PM,Medium,,
10-Year Note Auction,USA,2/7/2018,7:14:00 PM,Medium,,
RBNZ Rate Statement,NZL,2/7/2018,8:00:00 PM,?,,
RBNZ Interest Rate Decision,NZL,2/7/2018,8:00:00 PM,?,,
Monetary Policy Statement,NZL,2/7/2018,8:00:00 PM,?,,
Consumer Credit Change,USA,2/7/2018,8:00:00 PM,High,,
FOMC Member Williams speech,USA,2/7/2018,8:40:00 PM,High,,
RBNZ Governor Grant Spencer speech,NZL,2/7/2018,9:00:00 PM,High,,
RBNZ Press Conference,NZL,2/7/2018,9:00:00 PM,?,,
FOMC Member Williams speech,USA,2/7/2018,10:20:00 PM,High,,
Bank lending (YoY),JPN,2/7/2018,11:50:00 PM,Medium,,
Foreign bond investment,JPN,2/7/2018,11:50:00 PM,High,,
Foreign investment in Japan stocks,JPN,2/7/2018,11:50:00 PM,High,,
Trade Balance - BOP Basis,JPN,2/7/2018,11:50:00 PM,Medium,,
Current Account n.s.a.,JPN,2/7/2018,11:50:00 PM,Medium,,
RBNZ Governor Grant Spencer speech,NZL,2/8/2018,12:00:00 AM,?,,
RICS Housing Price Balance,GBR,2/8/2018,12:01:00 AM,High,,
National Australia Bank's Business Confidence (QoQ),AUS,2/8/2018,12:30:00 AM,High,,
Trade Balance USD,CHN,2/8/2018,2:00:00 AM,High,,
Imports (YoY) CNY,CHN,2/8/2018,2:00:00 AM,High,,
Exports (YoY) CNY,CHN,2/8/2018,2:00:00 AM,High,,
Exports (YoY),CHN,2/8/2018,2:00:00 AM,High,,
Imports (YoY),CHN,2/8/2018,2:00:00 AM,High,,
Trade Balance CNY,CHN,2/8/2018,2:00:00 AM,High,,
Eco Watchers Survey: Outlook,JPN,2/8/2018,5:00:00 AM,High,,
Eco Watchers Survey: Current,JPN,2/8/2018,5:00:00 AM,High,,
Imports (MoM),DEU,2/8/2018,7:00:00 AM,High,,
Current Account n.s.a.,DEU,2/8/2018,7:00:00 AM,High,,
Exports (MoM),DEU,2/8/2018,7:00:00 AM,High,,
Trade Balance s.a.,DEU,2/8/2018,7:00:00 AM,High,,
Industrial Output Cal Adjusted (YoY),ESP,2/8/2018,8:00:00 AM,Medium,,
German Buba President Weidmann speech,DEU,2/8/2018,8:45:00 AM,High,,
RBA's Governor Philip Lowe Speech,AUS,2/8/2018,9:00:00 AM,?,,
Economic Bulletin,EMU,2/8/2018,9:00:00 AM,High,,
FOMC Member Kaplan Speech,USA,2/8/2018,9:50:00 AM,High,,
BoE Asset Purchase Facility,GBR,2/8/2018,12:00:00 PM,?,,
BoE Interest Rate Decision,GBR,2/8/2018,12:00:00 PM,?,,
Monetary Policy Summary,GBR,2/8/2018,12:00:00 PM,?,,
Bank of England Quarterly Inflation Report,GBR,2/8/2018,12:00:00 PM,High,,
BOE MPC Vote Unchanged,GBR,2/8/2018,12:00:00 PM,?,,
BOE MPC Vote Cut,GBR,2/8/2018,12:00:00 PM,?,,
BOE MPC Vote Hike,GBR,2/8/2018,12:00:00 PM,?,,
Bank of England Minutes,GBR,2/8/2018,12:00:00 PM,?,,
BOE's Governor Carney speech,GBR,2/8/2018,12:30:00 PM,?,,
FOMC Member Harker Speech,USA,2/8/2018,1:00:00 PM,High,,
Housing Starts s.a (YoY),CAN,2/8/2018,1:15:00 PM,High,,
Initial Jobless Claims,USA,2/8/2018,1:30:00 PM,High,,
Continuing Jobless Claims,USA,2/8/2018,1:30:00 PM,High,,
New Housing Price Index (YoY),CAN,2/8/2018,1:30:00 PM,Medium,,
New Housing Price Index (MoM),CAN,2/8/2018,1:30:00 PM,Medium,,
FOMC Member Kashkari Speech,USA,2/8/2018,2:00:00 PM,High,,
EIA Natural Gas Storage change,USA,2/8/2018,3:30:00 PM,Medium,,
BoC Wilkins Speech,CAN,2/8/2018,5:45:00 PM,High,,
30-Year Bond Auction,USA,2/8/2018,6:00:00 PM,Medium,,
Money Supply M2+CD (YoY),JPN,2/8/2018,11:50:00 PM,Medium,,
Home Loans,AUS,2/9/2018,12:30:00 AM,High,,
Investment Lending for Homes,AUS,2/9/2018,12:30:00 AM,High,,
RBA Monetary Policy Statement,AUS,2/9/2018,12:30:00 AM,?,,
Consumer Price Index (MoM),CHN,2/9/2018,1:30:00 AM,High,,
Producer Price Index (YoY),CHN,2/9/2018,1:30:00 AM,High,,
Consumer Price Index (YoY),CHN,2/9/2018,1:30:00 AM,High,,
Tertiary Industry Index (MoM),JPN,2/9/2018,4:30:00 AM,High,,
Unemployment Rate s.a (MoM),CHE,2/9/2018,6:45:00 AM,High,,
Industrial Output (MoM),FRA,2/9/2018,7:45:00 AM,Medium,,
Industrial Output s.a. (MoM),ITA,2/9/2018,9:00:00 AM,Medium,,
Industrial Output w.d.a (YoY),ITA,2/9/2018,9:00:00 AM,Medium,,
Industrial Production (MoM),GBR,2/9/2018,9:30:00 AM,High,,
Industrial Production (YoY),GBR,2/9/2018,9:30:00 AM,High,,
Manufacturing Production (MoM),GBR,2/9/2018,9:30:00 AM,High,,
Manufacturing Production (YoY),GBR,2/9/2018,9:30:00 AM,High,,
Trade Balance; non-EU,GBR,2/9/2018,9:30:00 AM,Medium,,
Total Trade Balance,GBR,2/9/2018,9:30:00 AM,Medium,,
Goods Trade Balance,GBR,2/9/2018,9:30:00 AM,Medium,,
NIESR GDP Estimate (3M),GBR,2/9/2018,12:11:00 PM,High,,
Unemployment Rate,CAN,2/9/2018,1:30:00 PM,?,,
Participation rate,CAN,2/9/2018,1:30:00 PM,High,,
Net Change in Employment,CAN,2/9/2018,1:30:00 PM,?,,
Wholesale Inventories,USA,2/9/2018,3:00:00 PM,Medium,,
MPC Member Cunliffe Speech,GBR,2/9/2018,4:45:00 PM,High,,
Baker Hughes US Oil Rig Count,USA,2/9/2018,6:00:00 PM,High,,
CFTC AUD NC net positions,AUS,2/9/2018,8:30:00 PM,Medium,,
CFTC EUR NC net positions,EMU,2/9/2018,8:30:00 PM,Medium,,
CFTC USD NC net positions,USA,2/9/2018,8:30:00 PM,Medium,,
CFTC JPY NC net positions,JPN,2/9/2018,8:30:00 PM,Medium,,
CFTC GBP NC net positions,GBR,2/9/2018,8:30:00 PM,Medium,,
CFTC Gold NC net positions,USA,2/9/2018,8:30:00 PM,Medium,,
CFTC Oil NC net positions,USA,2/9/2018,8:30:00 PM,Medium,,
Electronic Card Retail Sales (MoM),NZL,2/11/2018,9:45:00 PM,High,,
Electronic Card Retail Sales (YoY),NZL,2/11/2018,9:45:00 PM,High,,
National Foundation Day,JPN,2/12/2018,12:00:00 AM,Low,,
Consumer Price Index (YoY),CHE,2/12/2018,8:15:00 AM,High,,
Consumer Price Index (MoM),CHE,2/12/2018,8:15:00 AM,High,,
MPC Member Vlieghe speech,GBR,2/12/2018,9:50:00 AM,High,,
3-Month Bill Auction,USA,2/12/2018,4:30:00 PM,Medium,,
6-Month Bill Auction,USA,2/12/2018,4:30:00 PM,Medium,,
MPC Member McCafferty speech,GBR,2/12/2018,4:30:00 PM,High,,
Monthly Budget Statement,USA,2/12/2018,7:00:00 PM,High,,
RBA Assistant Governor Ellis Speech,AUS,2/12/2018,9:50:00 PM,High,,
Domestic Corporate Goods Price Index (MoM),JPN,2/12/2018,11:50:00 PM,Medium,,
Domestic Corporate Goods Price Index (YoY),JPN,2/12/2018,11:50:00 PM,Medium,,
National Australia Bank's Business Confidence,AUS,2/13/2018,12:30:00 AM,Medium,,
National Australia Bank's Business Conditions,AUS,2/13/2018,12:30:00 AM,Medium,,
Bank of Japan Governor Kuroda Speech,JPN,2/13/2018,12:50:00 AM,High,,
M2 Money Supply (YoY),CHN,2/13/2018,2:00:00 AM,Medium,,
New Loans,CHN,2/13/2018,2:00:00 AM,Medium,,
Machine Tool Orders (YoY),JPN,2/13/2018,6:00:00 AM,Medium,,
Nonfarm Payrolls (QoQ),FRA,2/13/2018,7:45:00 AM,Medium,,
Producer and Import Prices (MoM),CHE,2/13/2018,8:15:00 AM,Medium,,
Producer and Import Prices (YoY),CHE,2/13/2018,8:15:00 AM,Medium,,
Retail Price Index (YoY),GBR,2/13/2018,9:30:00 AM,High,,
Retail Price Index (MoM),GBR,2/13/2018,9:30:00 AM,High,,
DCLG House Price Index (YoY),GBR,2/13/2018,9:30:00 AM,Medium,,
Producer Price Index - Output (MoM) n.s.a,GBR,2/13/2018,9:30:00 AM,High,,
Producer Price Index - Output (YoY) n.s.a,GBR,2/13/2018,9:30:00 AM,High,,
PPI Core Output (MoM) n.s.a,GBR,2/13/2018,9:30:00 AM,Medium,,
Producer Price Index - Input (YoY) n.s.a,GBR,2/13/2018,9:30:00 AM,High,,
Producer Price Index - Input (MoM) n.s.a,GBR,2/13/2018,9:30:00 AM,High,,
PPI Core Output (YoY) n.s.a,GBR,2/13/2018,9:30:00 AM,Medium,,
Consumer Price Index (YoY),GBR,2/13/2018,9:30:00 AM,?,,
Core Consumer Price Index (YoY),GBR,2/13/2018,9:30:00 AM,High,,
Consumer Price Index (MoM),GBR,2/13/2018,9:30:00 AM,High,,
12-Month Letras Auction,ESP,2/13/2018,10:48:00 AM,Medium,,
6-Month Letras Auction,ESP,2/13/2018,10:48:00 AM,Medium,,
NFIB Business Optimism Index,USA,2/13/2018,11:00:00 AM,Medium,,
FOMC Member Mester speech,USA,2/13/2018,1:00:00 PM,High,,
Redbook index (YoY),USA,2/13/2018,1:55:00 PM,Medium,,
Redbook index (MoM),USA,2/13/2018,1:55:00 PM,Medium,,
4-Week Bill Auction,USA,2/13/2018,4:30:00 PM,Medium,,
API Weekly Crude Oil Stock,USA,2/13/2018,9:30:00 PM,Medium,,
Food Price Index (MoM),NZL,2/13/2018,9:45:00 PM,Medium,,
Westpac Consumer Confidence,AUS,2/13/2018,11:30:00 PM,High,,
Gross Domestic Product (QoQ),JPN,2/13/2018,11:50:00 PM,Medium,,
Gross Domestic Product Annualized,JPN,2/13/2018,11:50:00 PM,Medium,,
Gross Domestic Product Deflator (YoY),JPN,2/13/2018,11:50:00 PM,Medium,,
RBNZ Inflation Expectations (QoQ),NZL,2/14/2018,2:00:00 AM,High,,
FDI - Foreign Direct Investment (YTD) (YoY),CHN,2/14/2018,2:00:00 AM,High,,
Gross Domestic Product w.d.a (YoY),DEU,2/14/2018,7:00:00 AM,High,,
Consumer Price Index (YoY),DEU,2/14/2018,7:00:00 AM,Medium,,
Consumer Price Index (MoM),DEU,2/14/2018,7:00:00 AM,Medium,,
Harmonized Index of Consumer Prices (YoY),DEU,2/14/2018,7:00:00 AM,?,,
Harmonized Index of Consumer Prices (MoM),DEU,2/14/2018,7:00:00 AM,Medium,,
Gross Domestic Product (YoY),DEU,2/14/2018,7:00:00 AM,High,,
Gross Domestic Product (QoQ),DEU,2/14/2018,7:00:00 AM,?,,
German Buba President Weidmann speech,DEU,2/14/2018,8:00:00 AM,High,,
SNB Gov Board Member Zurbrugg Speech,CHE,2/14/2018,8:50:00 AM,High,,
Gross Domestic Product (YoY),ITA,2/14/2018,9:00:00 AM,High,,
Gross Domestic Product (QoQ),ITA,2/14/2018,9:00:00 AM,High,,
Gross Domestic Product s.a. (QoQ),EMU,2/14/2018,10:00:00 AM,?,,
Gross Domestic Product s.a. (YoY),EMU,2/14/2018,10:00:00 AM,?,,
Industrial Production w.d.a. (YoY),EMU,2/14/2018,10:00:00 AM,High,,
Industrial Production s.a. (MoM),EMU,2/14/2018,10:00:00 AM,High,,
ECB's Mersch speech,EMU,2/14/2018,10:20:00 AM,High,,
30-y Bond Auction,DEU,2/14/2018,10:42:00 AM,Medium,,
SNB Gov Board Member Zurbrugg Speech,CHE,2/14/2018,11:20:00 AM,High,,
MBA Mortgage Applications,USA,2/14/2018,12:00:00 PM,Medium,,
ECB's Mersch speech,EMU,2/14/2018,12:45:00 PM,High,,
Retail Sales ex Autos (MoM),USA,2/14/2018,1:30:00 PM,?,,
Retail Sales control group,USA,2/14/2018,1:30:00 PM,High,,
Retail Sales (MoM),USA,2/14/2018,1:30:00 PM,High,,
Consumer Price Index Ex Food & Energy (MoM),USA,2/14/2018,1:30:00 PM,High,,
Consumer Price Index (MoM),USA,2/14/2018,1:30:00 PM,High,,
Consumer Price Index n.s.a (MoM),USA,2/14/2018,1:30:00 PM,Medium,,
Consumer Price Index Core s.a,USA,2/14/2018,1:30:00 PM,Medium,,
Consumer Price Index Ex Food & Energy (YoY),USA,2/14/2018,1:30:00 PM,?,,
Consumer Price Index (YoY),USA,2/14/2018,1:30:00 PM,?,,
Business Inventories,USA,2/14/2018,3:00:00 PM,Medium,,
EIA Crude Oil Stocks change,USA,2/14/2018,3:30:00 PM,Medium,,
Machinery Orders (YoY),JPN,2/14/2018,11:50:00 PM,High,,
Machinery Orders (MoM),JPN,2/14/2018,11:50:00 PM,High,,
Consumer Inflation Expectation,AUS,2/15/2018,12:00:00 AM,High,,
Chinese New Year Eve,CHN,2/15/2018,12:00:00 AM,Low,,
Employment Change s.a.,AUS,2/15/2018,12:30:00 AM,?,,
Fulltime employment,AUS,2/15/2018,12:30:00 AM,Medium,,
Part-time employment,AUS,2/15/2018,12:30:00 AM,Medium,,
Participation Rate,AUS,2/15/2018,12:30:00 AM,High,,
Unemployment Rate s.a.,AUS,2/15/2018,12:30:00 AM,?,,
Industrial Production (MoM),JPN,2/15/2018,4:30:00 AM,Medium,,
Industrial Production (YoY),JPN,2/15/2018,4:30:00 AM,Medium,,
Capacity Utilization,JPN,2/15/2018,4:30:00 AM,Medium,,
ILO Unemployment,FRA,2/15/2018,6:30:00 AM,Medium,,
HICP (YoY),ESP,2/15/2018,8:00:00 AM,Medium,,
HICP (MoM),ESP,2/15/2018,8:00:00 AM,Medium,,
Consumer Price Index (MoM),ESP,2/15/2018,8:00:00 AM,Medium,,
Consumer Price Index (YoY),ESP,2/15/2018,8:00:00 AM,Medium,,
ECB's Mersch speech,EMU,2/15/2018,8:15:00 AM,High,,
Trade Balance EU,ITA,2/15/2018,9:00:00 AM,Medium,,
